"10000001","Shaunna Carr","8hJJeX92","Carr441@gmail.com"
"10000002","Sofija Alcock","44mMcpX2","Alcock161@gmail.com"
"10000003","Blossom Howells","Z53x8Oju","howells243@gmail.com"
"10000004","Rodrigo Dixon","sVI86B1U","dixon97@yahoo.com"
"10000005","Matylda Wilkinson","lE0t66Qx","wilkinson867@gmail.com"
"10000006","Jiya Hale","Cq7746ZU","hale9965@gmail.com"
"10000007","Filip Chung","jO1K7MIe","chung909@gmail.com"
"10000008","Haaris Cox","wq83aXOD","cox365@verizon.net"
"10000009","Richie Alston","24OjswYy","alston4@gmail.com"
"10000010","Mehmet Shepard","70OifHOu","shepard6567@gmail.com"
"10000011","Miley Sadler","9eXW3P60","sadler231@gmail.com"
"10000012","Kieran Burke","mD61LRfd","burke396@gmail.com"
"10000013","Roseanna Werner","B7w0srDS","wener545@yahoo.com"
"10000014","Alannah Quinn","dA7127sj","quinn09@gmail.com"
"10000015","Franklyn Beltran","Vt68uKTb","beltran6@gmail.com"
"10000016","Clyde Jacobson","bV6c33Ux","jacobson878@gmail.com"
"10000017","Gemma Kirk","Rp08vAlf","captainkirk3@gmail.com"
"10000018","Zain Rodriguez","h51hG7mA","zain808@gmail.com"
"10000019","Ariyah Lara","vK0f00LY","lara45@gmail.com"
"10000020","Avaya Foster","6SsWq23z","foster89@gmail.com"
"10000021","Jamila Atherton","Fb641tiv","jartherton2@gmail.com"
"10000022","Ishmael Michael","oDO3XB0F","ishmichael1@gmail.com"
"10000023","Kellie Pike","9Bb5q4WO","pike74@gmail.com"
"10000024","Ravi Fritz","Tz38ueeg","fritz27@yahoo.com"
"10000025","Saqlain Price","g59VmOPH","prince455@gmail.com"
"10000026","Arif Mcdougall","7Na1PWsz","arifmcd@gmail.com"
"10000027","Oskar Collier","i05FMZG3","collier872@gmail.com"
"10000028","Jayde Bowes","Yn48qKuN","bow777@gmail.com"
"10000029","Loretta Russell","t3G6J4C1","russell62@gmail.com"
"10000030","Kajol Holding","bD9ZN27L","holding708@gmail.com"
